Headline,Rating,Quote,Name,Description,Persona,Use Case,Landing Page Type
LIFE SAVER,5,"The Track Me On The Go feature has been a lifesaver! Not only to my sense of well-being but also to my wallet. It's definitely worth every penny.",Jess Burke,Attack Survivor and Bond Member,urban-professional,late-night-commute,individuals
PEACE OF MIND,5,"As a mom of two teenagers, Bond has completely changed how I handle their independence. I can see exactly where they are on the live map, and I get arrival alerts when they land somewhere safe.",Sarah Mitchell,Mother of Two and Bond Member,parent,family-tracking,families
GAME CHANGER,5,"Living in lower Manhattan and having lived through 9/11, Superstorm Sandy, and the pandemic — I know the consequences these events have on our neighborhood's safety. Bond gives our family peace of mind.",Ken Patterson,Manhattan Resident and Bond Member,urban-family,city-safety,families
ALWAYS PROTECTED,5,"This app has completely changed my outlook on walking alone and being on public transportation late at night. Knowing I can keep my phone in hand and have someone in contact with me is a saving grace!",Dane Chapman,City Commuter and Bond Member,city-commuter,public-transportation,individuals
BRILLIANT SERVICE,5,"I've been waiting for a service like this to come out, and here it is. As a woman who travels for work and am often alone in strange places, this app is now my new best friend.",Jessica Glennon,Business Traveler and Bond Member,business-traveler,traveling-alone,individuals
MY NEW BEST FRIEND,5,"I frequently get off from work late and walking to my car was a bit scary. This app provides me peace of mind walking to my car and allows me to walk anywhere without any fear or hesitation.",Taylor Estrada,Late Shift Worker and Bond Member,worker,parking-lot-safety,individuals
MUST-HAVE APP,5,"If you are a real estate agent or a frequent runner or a nurse walking to your car at 3 a.m., you NEED this app! This is the best thing out there to keep you safe and secure.",Drew Griffiths,Real Estate Professional and Bond Member,professional,high-risk-professions,families
INDISPENSABLE,5,"One click and you have someone there looking out for you, ready to call for help the second you need it. Highly recommend it for anyone who ever walks alone, anywhere.",Chris Newman,Office Professional and Bond Member,office-worker,late-night-walk,individuals
ONE OF A KIND,5,"I would recommend it to all of my realtor friends and anyone who has children in college or teenagers! It's truly one of a kind.",Emerson Sweet,Parent and Bond Member,parent,family-safety,families
LIFELINE FOR PARENTS,5,"My daughter is away at college and Bond gives our whole family peace of mind. I can see when she leaves campus, and the arrival alerts let me know she made it back safely without her having to text me.",Linda Torres,College Parent and Bond Member,parent,college-safety,families
SAFER EVERY DAY,5,"I'm a nurse and work late a lot, so I do feel safer with this app. The fact that it can connect with an agent within seconds is very fascinating.",Jessica Cox,Healthcare Worker and Bond Member,healthcare-worker,late-shift-worker,families
CONFIDENCE RESTORED,5,"Bond gives me the assurance I need to feel safe anywhere I walk. I love the feeling of having 24/7 security with me at all times. I know that Bond is with me every step I take.",Jennifer Johnson,Urban Professional and Bond Member,professional,walking-safety,individuals
ESSENTIAL PROTECTION,5,"As a woman in the corporate world traveling alone in cities, not always knowing where I'm safe — having Bond makes me feel more secure. Someone always knows where I am and can get me help immediately.",Joanna Lewiston,Corporate Traveler and Bond Member,business-traveler,business-travel,individuals
PEACE AT LAST,5,"My son goes to practice and games across town, and I used to worry every time. Now I get alerts when he arrives and leaves, and I can see his location in real-time. Complete peace of mind.",Marcus Johnson,Sports Parent and Bond Member,parent,youth-sports,families
REVOLUTIONARY,5,"The journey monitoring feature is incredible. From the moment they leave to when they arrive, Bond tracks everything. If something's wrong, it acts automatically. No other app does this.",Rachel Kim,Mother of Three and Bond Member,parent,journey-monitoring,families
FINALLY SAFE,5,"Working retail means closing late at night. Walking to my car in an empty parking lot used to terrify me. Now I hit 'Track Me' and know someone's watching out for me the whole way.",Amanda Brooks,Retail Manager and Bond Member,worker,late-night-commute,individuals
SECURITY ANYWHERE,5,"Whether I'm jogging in the morning, meeting clients in unfamiliar neighborhoods, or traveling for work — Bond is always with me. It's like having a personal security team in my pocket.",David Chen,Real Estate Agent and Bond Member,professional,mobile-professional,individuals
SMART PARENTING,5,"Our teenage daughter just started driving. With Bond, we get notified when she arrives at school, practice, or friends' houses. No awkward 'checking in' texts — it just happens automatically.",Robert Williams,Father and Bond Member,parent,teen-driver,families
GUARDIAN ANGEL,5,"I work as a delivery driver, often in areas I don't know well. Bond's live agents can see my location and hear what's happening. If anything seems wrong, help is already on the way.",Miguel Rodriguez,Delivery Driver and Bond Member,worker,gig-worker,individuals
INVALUABLE,5,"My wife travels frequently for conferences. Bond gives us both peace of mind. She can share her location, and if she feels unsafe in a hotel or area, an agent is just one tap away.",James Patterson,Husband and Bond Member,partner,spousal-safety,families
WORTH EVERY PENNY,5,"I used to pay for expensive car services to feel safe going home late. Now I take the subway with Bond tracking me. I've saved hundreds of dollars and feel just as safe — if not safer.",Emily Zhang,Young Professional and Bond Member,urban-professional,cost-conscious,individuals
PROACTIVE SAFETY,5,"What I love most is that Bond doesn't wait for an emergency. The live agents are there BEFORE something goes wrong, monitoring my walk, ready to help the second I need them.",Ashley Moore,City Resident and Bond Member,urban-professional,proactive-safety,individuals
FAMILY ESSENTIAL,5,"With three kids in different activities across the city, Bond helps me keep track of everyone. I see their locations, get arrival alerts, and know they can reach an agent instantly if needed.",Diana Foster,Mother of Three and Bond Member,parent,busy-family,families
NO MORE WORRY,5,"My elderly mother lives alone. With Bond, I can check that she's home safely, and she can connect to an agent if she ever needs help. It's taken so much worry off my shoulders.",Thomas Bennett,Adult Child and Bond Member,family-caregiver,elderly-care,families
CONFIDENCE BOOSTER,5,"I love running early in the morning, but used to feel anxious about it. Now I run with Bond tracking me, and I feel empowered to go wherever I want, whenever I want.",Stephanie Hill,Fitness Enthusiast and Bond Member,runner,morning-exercise,individuals